ICME Plasma/Field Start Y/M/D (UT) (b),ICME Plasma/Field End Y/M/D (UT) (b),V_max (km/s) (j),Normalized_time_interval*B (nT) (k)**,Normalized_time_interval*BDE? (e)**,BDE? (e)*B (nT) (k)**,Normalized_time_interval,dV (km/s) (h)*Normalized_time_interval**,BDE? (e),Normalized_time_interval*Dst (nT) (m)**
1996-05-27 15:00:00,1996-05-29 03:00:00,400,12.375,1.375,9,1.375,1.375,1,160.875
1996-07-01 18:00:00,1996-07-02 11:00:00,370,6.416666666666667,0.5833333333333334,11,0.5833333333333334,25.666666666666668,1,45.5
1996-08-07 12:00:00,1996-08-08 10:00:00,380,5.541666666666666,0.7916666666666666,7,0.7916666666666666,1.5833333333333333,1,69.66666666666666
1996-12-23 17:00:00,1996-12-25 11:00:00,420,16.25,1.625,10,1.625,35.75,1,112.125
1997-01-10 04:00:00,1997-01-11 02:00:00,460,11.083333333333332,2.375,42,0.7916666666666666,3.1666666666666665,3,151.20833333333331
1997-02-10 02:00:00,1997-02-10 19:00:00,600,4.666666666666667,1.75,24,0.5833333333333334,35.0,3,103.83333333333334
1997-04-11 06:00:00,1997-04-11 19:00:00,470,8.333333333333334,1.25,60,0.4166666666666667,5.416666666666667,3,82.08333333333334
1997-04-21 10:00:00,1997-04-23 04:00:00,420,19.5,4.875,36,1.625,71.5,3,24.375
1997-05-15 09:00:00,1997-05-16 00:00:00,480,10.5,0.5,21,0.5,7.5,1,12.0
1997-05-26 16:00:00,1997-05-27 10:00:00,350,6.25,1.875,30,0.625,34.375,3,116.25
1997-06-08 18:00:00,1997-06-10 00:00:00,400,13.5,3.375,36,1.125,41.625,3,223.875
1997-06-19 07:00:00,1997-06-20 23:00:00,390,12.333333333333334,4.625,24,1.5416666666666667,77.08333333333334,3,188.08333333333334
1997-07-15 08:00:00,1997-07-16 11:00:00,360,10.0,3.0,30,1.0,57.0,3,143.0
1997-08-03 13:00:00,1997-08-04 03:00:00,480,7.333333333333333,1.375,48,0.4583333333333333,26.125,3,66.91666666666666
1997-08-17 06:00:00,1997-08-17 20:00:00,410,3.208333333333333,0.4583333333333333,7,0.4583333333333333,22.916666666666664,1,47.666666666666664
1997-09-03 13:00:00,1997-09-03 21:00:00,430,2.9166666666666665,0.625,42,0.20833333333333331,9.375,3,44.99999999999999
1997-09-21 21:00:00,1997-09-22 16:00:00,470,10.666666666666666,0.6666666666666666,16,0.6666666666666666,3.333333333333333,1,81.33333333333333
1997-10-01 16:00:00,1997-10-02 23:00:00,470,11.666666666666668,3.5,30,1.1666666666666667,59.50000000000001,3,252.00000000000003
1997-10-10 11:00:00,1997-10-10 22:00:00,460,2.6666666666666665,1.0,24,0.3333333333333333,12.333333333333332,3,57.666666666666664
1997-10-10 22:00:00,1997-10-12 00:00:00,450,11.5,2.875,36,0.9583333333333334,43.125,3,34.5
1997-10-27 00:00:00,1997-10-28 07:00:00,520,8.166666666666668,3.5,21,1.1666666666666667,51.333333333333336,3,192.5
1997-11-07 04:00:00,1997-11-09 12:00:00,460,24.291666666666664,6.624999999999999,33,2.208333333333333,26.499999999999996,3,41.95833333333333
1997-11-22 19:00:00,1997-11-23 14:00:00,520,11.333333333333332,2.0,51,0.6666666666666666,12.0,3,10.666666666666666
1997-11-24 00:00:00,1997-11-25 00:00:00,590,4.375,2.625,15,0.875,2.625,3,126.875
1997-12-30 10:00:00,1997-12-31 11:00:00,410,11.0,2.75,36,0.9166666666666666,44.0,3,174.16666666666666
1998-01-07 01:00:00,1998-01-08 22:00:00,410,28.0,5.25,48,1.75,101.5,3,332.5
1998-01-09 07:00:00,1998-01-10 08:00:00,500,5.5,0.9166666666666666,6,0.9166666666666666,0.9166666666666666,1,95.33333333333333
1998-01-20 17:00:00,1998-01-21 04:00:00,450,1.6666666666666665,1.0,15,0.3333333333333333,15.666666666666666,3,36.0
1998-01-21 06:00:00,1998-01-22 13:00:00,400,15.166666666666668,1.1666666666666667,13,1.1666666666666667,1.1666666666666667,1,21.0
1998-01-29 20:00:00,1998-01-31 01:00:00,410,7.583333333333333,3.25,21,1.0833333333333333,41.166666666666664,3,169.0
1998-02-04 04:00:00,1998-02-05 23:00:00,390,18.333333333333336,5.0,33,1.6666666666666667,78.33333333333334,3,196.66666666666669
1998-02-17 10:00:00,1998-02-17 21:00:00,420,4.0,1.0,36,0.3333333333333333,12.333333333333332,3,2.6666666666666665
1998-02-19 01:00:00,1998-02-20 00:00:00,460,7.5,0.8333333333333334,9,0.8333333333333334,19.166666666666668,1,126.66666666666667
1998-03-04 13:00:00,1998-03-06 09:00:00,380,20.5,1.7083333333333333,12,1.7083333333333333,64.91666666666666,1,208.41666666666666
1998-03-25 13:00:00,1998-03-26 10:00:00,400,7.5,2.25,30,0.75,16.5,3,117.75
1998-03-31 11:00:00,1998-04-03 02:00:00,430,17.5,2.5,7,2.5,92.5,1,300.0
1998-04-11 23:00:00,1998-04-13 18:00:00,390,13.333333333333334,1.6666666666666667,8,1.6666666666666667,36.66666666666667,1,240.0
1998-05-02 05:00:00,1998-05-04 02:00:00,650,19.25,5.25,33,1.75,26.25,3,351.75
1998-05-04 10:00:00,1998-05-07 23:00:00,830,34.166666666666664,10.25,30,3.4166666666666665,112.75,3,276.75
1998-06-02 10:00:00,1998-06-02 18:00:00,400,1.8749999999999998,0.20833333333333331,9,0.20833333333333331,0.41666666666666663,1,0.8333333333333333
1998-06-14 04:00:00,1998-06-15 06:00:00,380,9.583333333333334,2.875,30,0.9583333333333334,55.583333333333336,3,149.5
1998-06-24 16:00:00,1998-06-25 23:00:00,540,14.0,3.5,36,1.1666666666666667,66.5,3,113.16666666666667
1998-06-26 04:00:00,1998-06-26 19:00:00,490,5.5,1.5,33,0.5,19.0,3,4.5
1998-07-06 06:00:00,1998-07-09 07:00:00,630,14.583333333333332,2.9166666666666665,5,2.9166666666666665,140.0,1,326.66666666666663
1998-07-11 00:00:00,1998-07-13 15:00:00,430,25.0,7.5,30,2.5,55.0,3,300.0
1998-08-01 04:00:00,1998-08-03 10:00:00,450,14.875,2.125,7,2.125,78.625,1,348.5
1998-08-05 13:00:00,1998-08-06 12:00:00,390,6.666666666666667,2.5,24,0.8333333333333334,0.8333333333333334,3,34.16666666666667
1998-08-07 23:00:00,1998-08-09 23:00:00,500,13.125,1.875,7,1.875,1.875,1,318.75
1998-08-10 11:00:00,1998-08-10 22:00:00,500,2.333333333333333,1.0,21,0.3333333333333333,1.3333333333333333,3,34.0
1998-08-12 01:00:00,1998-08-13 14:00:00,420,11.333333333333334,4.25,24,1.4166666666666667,31.166666666666668,3,103.41666666666667
1998-08-20 06:00:00,1998-08-21 20:00:00,340,18.958333333333332,4.375,39,1.4583333333333333,70.0,3,258.125
1998-08-26 22:00:00,1998-08-28 00:00:00,860,13.416666666666668,2.875,42,0.9583333333333334,23.958333333333336,3,51.75
1998-09-23 04:00:00,1998-09-23 18:00:00,490,3.208333333333333,1.375,21,0.4583333333333333,26.125,3,53.625
1998-09-25 06:00:00,1998-09-26 16:00:00,820,16.791666666666668,3.875,39,1.2916666666666667,51.66666666666667,3,105.91666666666667
1998-10-19 04:00:00,1998-10-20 07:00:00,430,18.0,3.0,54,1.0,48.0,3,21.0
1998-10-23 15:00:00,1998-10-24 16:00:00,600,6.416666666666666,0.9166666666666666,7,0.9166666666666666,44.0,1,142.08333333333331
1998-11-07 22:00:00,1998-11-09 01:00:00,530,15.0,3.0,45,1.0,10.0,3,196.0
1998-11-09 01:00:00,1998-11-11 01:00:00,640,22.5,5.625,36,1.875,46.875,3,97.5
1998-11-13 02:00:00,1998-11-14 12:00:00,400,21.958333333333336,3.875,51,1.2916666666666667,60.708333333333336,3,47.79166666666667
1998-11-30 21:00:00,1998-12-01 04:00:00,480,1.5,0.5,27,0.16666666666666666,0.6666666666666666,3,8.833333333333332
1998-12-29 18:00:00,1998-12-31 02:00:00,410,9.666666666666666,1.2083333333333333,8,1.2083333333333333,45.916666666666664,1,193.33333333333331
1999-01-04 04:00:00,1999-01-04 22:00:00,360,5.0,1.875,24,0.625,13.75,3,67.5
1999-01-13 15:00:00,1999-01-13 23:00:00,430,3.7499999999999996,0.20833333333333331,18,0.20833333333333331,11.458333333333332,1,4.375
1999-01-23 09:00:00,1999-01-23 18:00:00,660,3.0,0.75,36,0.25,2.0,3,38.75
1999-02-13 19:00:00,1999-02-14 15:00:00,470,6.375,0.7083333333333334,9,0.7083333333333334,15.583333333333334,1,43.91666666666667
1999-02-16 15:00:00,1999-02-17 11:00:00,470,4.25,0.7083333333333334,6,0.7083333333333334,0.7083333333333334,1,127.5
1999-02-17 16:00:00,1999-02-18 10:00:00,490,5.0,1.875,24,0.625,23.75,3,73.75
1999-02-18 10:00:00,1999-02-20 17:00:00,680,19.5,6.5,27,2.1666666666666665,69.33333333333333,3,67.16666666666666
1999-03-10 17:00:00,1999-03-12 02:00:00,460,8.75,3.75,21,1.25,47.5,3,245.0
1999-03-19 11:00:00,1999-03-20 12:00:00,380,4.583333333333333,2.75,15,0.9166666666666666,1.8333333333333333,3,102.66666666666666
1999-04-16 18:00:00,1999-04-17 19:00:00,460,16.5,2.75,54,0.9166666666666666,44.0,3,190.66666666666666
1999-04-21 04:00:00,1999-04-22 14:00:00,620,10.333333333333334,3.875,24,1.2916666666666667,9.041666666666668,3,139.5
1999-05-15 16:00:00,1999-05-18 00:00:00,400,11.041666666666664,2.208333333333333,5,2.208333333333333,2.208333333333333,1,77.29166666666666
1999-06-02 23:00:00,1999-06-03 22:00:00,470,7.5,2.5,27,0.8333333333333334,36.66666666666667,3,136.66666666666669
1999-06-27 22:00:00,1999-06-29 04:00:00,860,7.875,3.375,21,1.125,4.5,3,151.875
1999-07-06 21:00:00,1999-07-07 02:00:00,500,0.8333333333333333,0.08333333333333333,10,0.08333333333333333,4.0,1,10.916666666666666
1999-07-07 07:00:00,1999-07-08 04:00:00,480,3.0,2.25,12,0.75,39.75,3,3.0
1999-07-27 17:00:00,1999-07-29 12:00:00,460,10.0,5.0,18,1.6666666666666667,63.333333333333336,3,208.33333333333334
1999-07-30 20:00:00,1999-07-31 08:00:00,660,3.375,1.125,27,0.375,22.125,3,58.125
1999-07-31 19:00:00,1999-08-02 06:00:00,650,6.666666666666666,1.3333333333333333,5,1.3333333333333333,4.0,1,172.0
1999-08-02 15:00:00,1999-08-03 15:00:00,440,3.5,0.875,4,0.875,19.25,1,50.75
1999-08-08 20:00:00,1999-08-10 17:00:00,410,15.75,5.25,27,1.75,40.25,3,253.75
1999-08-12 03:00:00,1999-08-14 00:00:00,420,10.5,5.25,18,1.75,77.0,3,61.25
1999-08-20 23:00:00,1999-08-23 11:00:00,570,16.625,7.125,21,2.375,2.375,3,418.0
1999-09-21 12:00:00,1999-09-22 12:00:00,380,7.875,2.625,27,0.875,0.875,3,118.125
1999-09-22 19:00:00,1999-09-24 03:00:00,600,13.291666666666666,3.625,33,1.2083333333333333,9.666666666666666,3,78.54166666666666
1999-10-21 08:00:00,1999-10-22 07:00:00,550,16.666666666666668,2.5,60,0.8333333333333334,31.666666666666668,3,76.66666666666667
1999-11-12 10:00:00,1999-11-13 18:00:00,680,6.041666666666666,1.2083333333333333,5,1.2083333333333333,56.791666666666664,1,216.29166666666666
1999-11-13 20:00:00,1999-11-15 00:00:00,480,7.291666666666667,1.0416666666666667,7,1.0416666666666667,50.0,1,14.583333333333334
1999-11-22 00:00:00,1999-11-24 03:00:00,490,18.0,6.0,27,2.0,88.0,3,270.0
1999-12-12 19:00:00,1999-12-13 16:00:00,700,9.0,2.25,36,0.75,30.0,3,150.75
1999-12-14 04:00:00,1999-12-14 20:00:00,480,6.5,1.625,36,0.5416666666666666,11.916666666666666,3,63.37499999999999
1999-12-27 11:00:00,1999-12-28 04:00:00,450,4.666666666666667,1.75,24,0.5833333333333334,28.0,3,112.58333333333334
2000-01-22 17:00:00,2000-01-23 02:00:00,400,4.0,0.75,48,0.25,9.5,3,53.75
2000-02-11 16:00:00,2000-02-11 20:00:00,510,0.29166666666666663,0.12499999999999997,21,0.04166666666666666,2.1249999999999996,3,4.041666666666666
2000-02-12 12:00:00,2000-02-13 00:00:00,590,4.875,1.125,39,0.375,7.5,3,14.625
2000-02-14 12:00:00,2000-02-16 08:00:00,680,8.541666666666666,1.7083333333333333,5,1.7083333333333333,6.833333333333333,1,302.375
2000-02-21 05:00:00,2000-02-22 12:00:00,460,17.5,3.5,45,1.1666666666666667,9.333333333333334,3,116.66666666666667
2000-03-01 03:00:00,2000-03-02 03:00:00,530,7.0,2.625,24,0.875,19.25,3,121.625
2000-03-19 02:00:00,2000-03-19 12:00:00,390,2.625,0.875,27,0.2916666666666667,6.416666666666667,3,32.375
2000-03-29 19:00:00,2000-04-01 00:00:00,590,14.583333333333332,2.083333333333333,7,2.083333333333333,74.99999999999999,1,343.74999999999994
2000-04-07 06:00:00,2000-04-08 06:00:00,620,5.25,2.625,18,0.875,24.5,3,93.625
2000-04-18 20:00:00,2000-04-19 14:00:00,470,6.25,0.625,10,0.625,23.125,1,26.875
2000-04-24 04:00:00,2000-04-24 13:00:00,520,3.25,0.25,13,0.25,12.5,1,41.75
2000-05-02 20:00:00,2000-05-05 10:00:00,860,14.749999999999998,7.374999999999999,18,2.458333333333333,36.87499999999999,3,302.37499999999994
2000-05-07 00:00:00,2000-05-08 00:00:00,420,7.0,2.625,24,0.875,1.75,3,4.375
2000-05-13 17:00:00,2000-05-14 18:00:00,600,7.333333333333333,0.9166666666666666,8,0.9166666666666666,2.75,1,68.75
2000-05-15 19:00:00,2000-05-16 14:00:00,450,5.333333333333333,0.6666666666666666,8,0.6666666666666666,14.666666666666666,1,77.33333333333333
2000-05-16 23:00:00,2000-05-17 07:00:00,580,1.8749999999999998,0.20833333333333331,9,0.20833333333333331,1.8749999999999998,1,43.541666666666664
2000-05-23 09:00:00,2000-05-23 21:00:00,610,3.0,1.125,24,0.375,19.875,3,1.875
2000-05-24 12:00:00,2000-05-27 10:00:00,690,13.958333333333332,8.375,15,2.7916666666666665,134.0,3,139.58333333333331
2000-06-04 22:00:00,2000-06-06 22:00:00,560,16.875,5.625,27,1.875,18.75,3,225.0
2000-06-08 12:00:00,2000-06-10 17:00:00,770,22.916666666666664,6.249999999999999,33,2.083333333333333,70.83333333333333,3,431.24999999999994
2000-06-11 09:00:00,2000-06-11 18:00:00,530,2.75,0.75,33,0.25,11.25,3,30.5
2000-06-13 12:00:00,2000-06-14 06:00:00,550,2.5,0.625,4,0.625,31.25,1,76.875
2000-06-18 09:00:00,2000-06-18 17:00:00,400,1.0416666666666665,0.20833333333333331,5,0.20833333333333331,0.41666666666666663,1,5.833333333333333
2000-06-24 00:00:00,2000-06-26 08:00:00,590,22.08333333333333,6.624999999999999,30,2.208333333333333,17.666666666666664,3,260.5833333333333
2000-06-26 10:00:00,2000-06-27 00:00:00,560,4.583333333333333,1.375,30,0.4583333333333333,22.916666666666664,3,86.625
2000-07-01 09:00:00,2000-07-03 17:00:00,440,15.458333333333332,2.208333333333333,7,2.208333333333333,48.58333333333333,1,39.74999999999999
2000-07-11 02:00:00,2000-07-11 14:00:00,490,4.875,1.125,39,0.375,22.875,3,82.125
2000-07-11 22:00:00,2000-07-13 03:00:00,540,10.833333333333332,3.25,30,1.0833333333333333,41.166666666666664,3,108.33333333333333
2000-07-13 13:00:00,2000-07-14 15:00:00,670,6.708333333333334,2.875,21,0.9583333333333334,23.958333333333336,3,133.20833333333334
2000-07-14 17:00:00,2000-07-15 14:00:00,800,6.75,2.25,27,0.75,11.25,3,118.5
2000-07-15 19:00:00,2000-07-17 08:00:00,1040,28.333333333333336,4.25,60,1.4166666666666667,60.91666666666667,3,160.08333333333334
2000-07-20 01:00:00,2000-07-21 08:00:00,630,9.333333333333334,3.5,24,1.1666666666666667,4.666666666666667,3,246.16666666666669
2000-07-23 15:00:00,2000-07-26 05:00:00,430,22.124999999999996,2.458333333333333,9,2.458333333333333,54.08333333333333,1,437.58333333333326
2000-07-27 02:00:00,2000-07-28 02:00:00,400,5.25,2.625,18,0.875,42.0,3,119.0
2000-07-28 12:00:00,2000-07-30 13:00:00,480,17.25,5.75,27,1.9166666666666667,105.41666666666667,3,348.83333333333337
2000-08-10 19:00:00,2000-08-11 21:00:00,480,11.5,2.875,36,0.9583333333333334,46.0,3,13.416666666666668
2000-08-12 05:00:00,2000-08-13 22:00:00,670,28.5,4.75,54,1.5833333333333333,12.666666666666666,3,144.08333333333331
2000-09-02 22:00:00,2000-09-03 13:00:00,450,4.0,0.5,8,0.5,22.0,1,39.0
2000-09-08 12:00:00,2000-09-10 10:00:00,500,8.958333333333334,5.375,15,1.7916666666666667,84.20833333333334,3,261.58333333333337
2000-09-17 21:00:00,2000-09-21 00:00:00,840,30.0,9.0,30,3.0,96.0,3,237.0
2000-10-03 10:00:00,2000-10-05 03:00:00,460,22.166666666666664,4.75,42,1.5833333333333333,80.75,3,72.83333333333333
2000-10-05 13:00:00,2000-10-07 11:00:00,530,10.75,5.375,18,1.7916666666666667,10.75,3,127.20833333333334
2000-10-13 16:00:00,2000-10-14 17:00:00,460,11.0,2.75,36,0.9166666666666666,7.333333333333333,3,13.75
2000-10-28 21:00:00,2000-10-29 22:00:00,420,12.833333333333332,2.75,42,0.9166666666666666,44.0,3,30.25
2000-11-06 17:00:00,2000-11-08 03:00:00,610,25.833333333333336,3.875,60,1.2916666666666667,7.75,3,73.625
2000-11-08 13:00:00,2000-11-09 15:00:00,500,6.708333333333334,2.875,21,0.9583333333333334,45.04166666666667,3,116.91666666666667
2000-11-11 08:00:00,2000-11-12 00:00:00,910,3.7916666666666665,0.5416666666666666,7,0.5416666666666666,3.25,1,66.625
2000-11-27 08:00:00,2000-11-28 03:00:00,630,6.666666666666666,2.0,30,0.6666666666666666,10.0,3,130.0
2000-11-28 11:00:00,2000-11-29 22:00:00,580,12.0,4.0,27,1.3333333333333333,64.0,3,36.0
2000-12-22 03:00:00,2000-12-22 20:00:00,330,2.3333333333333335,1.75,12,0.5833333333333334,25.666666666666668,3,2.3333333333333335
2000-12-23 00:00:00,2000-12-23 12:00:00,330,4.5,1.125,36,0.375,17.625,3,63.75
2001-01-24 09:00:00,2001-01-26 07:00:00,550,7.166666666666667,5.375,12,1.7916666666666667,21.5,3,299.20833333333337
2001-03-04 04:00:00,2001-03-05 02:00:00,520,6.333333333333333,0.7916666666666666,8,0.7916666666666666,38.0,1,146.45833333333331
2001-03-19 17:00:00,2001-03-22 00:00:00,490,32.5,6.5,45,2.1666666666666665,8.666666666666666,3,112.66666666666666
2001-03-27 20:00:00,2001-03-28 17:00:00,650,9.0,2.25,36,0.75,43.5,3,153.0
2001-03-28 17:00:00,2001-03-30 18:00:00,560,5.75,5.75,9,1.9166666666666667,47.91666666666667,3,291.33333333333337
2001-03-31 05:00:00,2001-03-31 22:00:00,710,19.25,1.75,99,0.5833333333333334,14.583333333333334,3,74.66666666666667
2001-04-04 18:00:00,2001-04-05 12:00:00,780,5.625,1.875,27,0.625,38.125,3,94.375
2001-04-08 14:00:00,2001-04-09 04:00:00,780,5.958333333333333,1.375,39,0.4583333333333333,1.8333333333333333,3,73.79166666666666
2001-04-11 22:00:00,2001-04-13 07:00:00,740,17.5,3.75,42,1.25,37.5,3,128.75
2001-04-13 09:00:00,2001-04-14 12:00:00,830,9.0,3.0,27,1.0,25.0,3,190.0
2001-04-15 17:00:00,2001-04-16 01:00:00,510,0.8333333333333333,0.41666666666666663,8,0.20833333333333331,0.20833333333333331,2,25.416666666666664
2001-04-18 12:00:00,2001-04-20 11:00:00,520,14.666666666666666,5.5,24,1.8333333333333333,22.0,3,42.166666666666664
2001-04-21 23:00:00,2001-04-23 03:00:00,390,11.458333333333334,1.0416666666666667,11,1.0416666666666667,50.0,1,10.416666666666668
2001-04-28 14:00:00,2001-05-01 02:00:00,730,19.0,2.375,8,2.375,109.25,1,344.375
2001-05-03 11:00:00,2001-05-04 10:00:00,390,6.666666666666667,2.5,24,0.8333333333333334,0.8333333333333334,3,62.5
2001-05-07 19:00:00,2001-05-08 07:00:00,410,3.0,1.125,24,0.375,13.875,3,36.375
2001-05-09 12:00:00,2001-05-10 22:00:00,560,10.333333333333334,1.2916666666666667,8,1.2916666666666667,62.0,1,244.125
2001-05-11 13:00:00,2001-05-12 00:00:00,430,2.6666666666666665,0.3333333333333333,8,0.3333333333333333,0.3333333333333333,1,48.666666666666664
2001-05-28 03:00:00,2001-05-31 14:00:00,590,23.333333333333332,3.333333333333333,7,3.333333333333333,13.333333333333332,1,453.3333333333333
2001-06-07 18:00:00,2001-06-08 07:00:00,430,3.75,0.4166666666666667,9,0.4166666666666667,20.0,1,80.41666666666667
2001-06-27 03:00:00,2001-06-28 17:00:00,490,4.375,1.4583333333333333,3,1.4583333333333333,32.08333333333333,1,100.625
2001-07-09 02:00:00,2001-07-11 04:00:00,460,9.791666666666666,5.875,15,1.9583333333333333,72.45833333333333,3,244.79166666666666
2001-07-13 17:00:00,2001-07-14 01:00:00,420,1.6666666666666665,0.20833333333333331,8,0.20833333333333331,4.583333333333333,1,27.291666666666664
2001-08-03 11:00:00,2001-08-03 14:00:00,440,0.0,0.0,30,0.0,0.0,3,0.0
2001-08-15 05:00:00,2001-08-16 14:00:00,450,6.25,1.25,5,1.25,1.25,1,72.5
2001-08-17 20:00:00,2001-08-19 16:00:00,600,18.791666666666664,5.125,33,1.7083333333333333,23.916666666666664,3,22.208333333333332
2001-08-30 17:00:00,2001-08-31 10:00:00,500,3.5,1.75,18,0.5833333333333334,28.0,3,77.58333333333334
2001-09-01 13:00:00,2001-09-02 22:00:00,410,6.25,1.25,5,1.25,1.25,1,77.5
2001-09-13 18:00:00,2001-09-14 22:00:00,440,10.416666666666668,3.125,30,1.0416666666666667,39.583333333333336,3,164.58333333333334
2001-09-24 00:00:00,2001-09-24 22:00:00,530,5.541666666666666,0.7916666666666666,7,0.7916666666666666,29.291666666666664,1,146.45833333333331
2001-09-25 06:00:00,2001-09-25 20:00:00,400,2.2916666666666665,0.9166666666666666,10,0.4583333333333333,16.958333333333332,2,42.625
2001-09-29 11:00:00,2001-10-01 00:00:00,700,17.0,4.25,36,1.4166666666666667,28.333333333333336,3,249.33333333333334
2001-10-01 08:00:00,2001-10-02 00:00:00,550,4.875,1.625,27,0.5416666666666666,31.416666666666664,3,27.624999999999996
2001-10-02 04:00:00,2001-10-02 12:00:00,520,1.6666666666666665,0.625,24,0.20833333333333331,9.166666666666666,3,2.2916666666666665
2001-10-02 14:00:00,2001-10-03 16:00:00,530,11.5,2.875,36,0.9583333333333334,35.458333333333336,3,58.458333333333336
2001-10-12 04:00:00,2001-10-12 09:00:00,570,1.8333333333333333,0.25,66,0.08333333333333333,1.6666666666666665,3,15.166666666666666
2001-10-21 20:00:00,2001-10-25 10:00:00,680,31.124999999999996,10.375,27,3.458333333333333,110.66666666666666,3,248.99999999999997
2001-10-27 03:00:00,2001-10-28 12:00:00,500,12.5,3.75,30,1.25,27.5,3,127.5
2001-10-29 22:00:00,2001-10-31 13:00:00,510,7.5,1.5,5,1.5,22.5,1,84.0
2001-10-31 20:00:00,2001-11-02 12:00:00,390,16.958333333333336,4.625,33,1.5416666666666667,78.625,3,21.583333333333336
2001-11-05 19:00:00,2001-11-06 06:00:00,430,6.0,0.6666666666666666,36,0.3333333333333333,12.333333333333332,2,61.666666666666664
2001-11-06 12:00:00,2001-11-09 03:00:00,750,17.5,7.5,21,2.5,97.5,3,275.0
2001-11-19 22:00:00,2001-11-21 13:00:00,570,9.0,4.5,18,1.5,15.0,3,217.5
2001-11-24 14:00:00,2001-11-25 20:00:00,1040,15.75,3.375,42,1.125,55.125,3,96.75
2001-12-28 00:00:00,2001-12-29 12:00:00,370,11.0,4.125,24,1.375,2.75,3,6.875
2001-12-30 00:00:00,2001-12-30 18:00:00,460,10.0,0.625,16,0.625,38.125,1,100.0
2002-02-28 17:00:00,2002-03-02 00:00:00,410,12.833333333333334,3.5,33,1.1666666666666667,67.66666666666667,3,212.33333333333334
2002-03-19 05:00:00,2002-03-20 16:00:00,470,20.0,4.0,45,1.3333333333333333,21.333333333333332,3,164.0
2002-03-21 14:00:00,2002-03-22 06:00:00,580,4.333333333333333,1.625,24,0.5416666666666666,14.083333333333332,3,18.958333333333332
2002-03-24 12:00:00,2002-03-25 20:00:00,500,18.125,3.625,45,1.2083333333333333,66.45833333333333,3,9.666666666666666
2002-04-12 01:00:00,2002-04-13 13:00:00,450,11.0,1.375,8,1.375,1.375,1,159.5
2002-04-17 16:00:00,2002-04-19 15:00:00,610,25.666666666666664,5.5,42,1.8333333333333333,27.5,3,60.5
2002-04-20 00:00:00,2002-04-21 18:00:00,640,13.0,4.875,24,1.625,40.625,3,84.5
2002-05-11 15:00:00,2002-05-12 00:00:00,440,3.75,0.25,15,0.25,15.25,1,4.75
2002-05-20 10:00:00,2002-05-21 22:00:00,510,9.625,4.125,21,1.375,75.625,3,167.75
2002-05-23 20:00:00,2002-05-25 18:00:00,920,19.708333333333336,5.375,33,1.7916666666666667,82.41666666666667,3,30.458333333333336
2002-07-18 12:00:00,2002-07-19 09:00:00,520,4.5,2.25,18,0.75,3.0,3,46.5
2002-07-20 02:00:00,2002-07-22 06:00:00,930,14.291666666666666,6.125,21,2.0416666666666665,106.16666666666666,3,249.08333333333331
2002-07-31 22:00:00,2002-08-01 09:00:00,460,3.333333333333333,1.0,30,0.3333333333333333,14.666666666666666,3,27.666666666666664
2002-08-01 09:00:00,2002-08-01 23:00:00,460,5.5,0.4583333333333333,12,0.4583333333333333,25.208333333333332,1,69.66666666666666
2002-08-02 06:00:00,2002-08-04 02:00:00,520,17.083333333333332,5.125,30,1.7083333333333333,87.125,3,17.083333333333332
2002-08-19 12:00:00,2002-08-21 14:00:00,580,15.666666666666666,5.875,24,1.9583333333333333,31.333333333333332,3,27.416666666666664
2002-08-29 21:00:00,2002-08-30 06:00:00,420,2.0,0.25,8,0.25,0.25,1,34.0
2002-09-07 12:00:00,2002-09-08 04:00:00,400,4.333333333333333,1.625,24,0.5416666666666666,0.5416666666666666,3,73.125
2002-09-08 04:00:00,2002-09-08 20:00:00,550,5.958333333333333,1.625,33,0.5416666666666666,9.75,3,37.916666666666664
2002-09-08 22:00:00,2002-09-10 21:00:00,520,16.5,1.8333333333333333,9,1.8333333333333333,86.16666666666666,1,361.16666666666663
2002-09-19 20:00:00,2002-09-20 21:00:00,750,4.583333333333333,2.75,15,0.9166666666666666,52.25,3,121.91666666666666
2002-09-30 20:00:00,2002-10-01 15:00:00,410,15.333333333333332,2.0,69,0.6666666666666666,36.666666666666664,3,44.666666666666664
2002-10-03 01:00:00,2002-10-04 18:00:00,520,17.416666666666664,1.5833333333333333,11,1.5833333333333333,91.83333333333333,1,77.58333333333333
2002-11-17 10:00:00,2002-11-19 12:00:00,500,19.583333333333332,5.875,30,1.9583333333333333,45.041666666666664,3,303.54166666666663
2002-12-17 18:00:00,2002-12-19 12:00:00,430,22.75,4.875,42,1.625,1.625,3,182.0
2002-12-21 03:00:00,2002-12-22 19:00:00,540,16.958333333333336,1.5416666666666667,11,1.5416666666666667,57.04166666666667,1,288.2916666666667
2003-01-27 01:00:00,2003-01-28 14:00:00,720,12.75,4.25,27,1.4166666666666667,70.83333333333334,3,110.5
2003-02-01 19:00:00,2003-02-03 07:00:00,760,15.125,4.125,33,1.375,57.75,3,251.625
2003-02-18 04:00:00,2003-02-19 16:00:00,700,11.0,4.125,24,1.375,74.25,3,85.25
2003-03-20 12:00:00,2003-03-20 22:00:00,810,3.2083333333333335,0.875,33,0.2916666666666667,1.1666666666666667,3,50.458333333333336
2003-05-09 07:00:00,2003-05-11 00:00:00,900,12.666666666666666,1.5833333333333333,8,1.5833333333333333,6.333333333333333,1,315.0833333333333
2003-05-29 13:00:00,2003-05-29 18:00:00,680,0.8333333333333333,0.25,30,0.08333333333333333,4.583333333333333,3,12.416666666666666
2003-05-30 02:00:00,2003-05-30 16:00:00,760,9.166666666666666,1.375,60,0.4583333333333333,3.6666666666666665,3,21.541666666666664
2003-05-30 22:00:00,2003-06-01 01:00:00,780,7.0,3.0,21,1.0,28.0,3,172.0
2003-06-15 20:00:00,2003-06-16 21:00:00,590,9.166666666666666,2.75,30,0.9166666666666666,52.25,3,163.16666666666666
2003-06-17 10:00:00,2003-06-18 08:00:00,540,7.916666666666666,0.7916666666666666,10,0.7916666666666666,45.125,1,35.625
2003-07-23 14:00:00,2003-07-24 16:00:00,500,5.75,0.9583333333333334,6,0.9583333333333334,56.54166666666667,1,95.83333333333334
2003-08-04 22:00:00,2003-08-06 02:00:00,500,9.375,3.125,27,1.0416666666666667,1.0416666666666667,3,171.875
2003-08-16 02:00:00,2003-08-17 16:00:00,620,10.208333333333332,1.4583333333333333,7,1.4583333333333333,77.29166666666666,1,26.25
2003-08-18 01:00:00,2003-08-19 15:00:00,530,26.25,4.375,54,1.4583333333333333,84.58333333333333,3,74.375
2003-10-22 02:00:00,2003-10-24 15:00:00,740,21.75,7.25,27,2.4166666666666665,7.25,3,403.5833333333333
2003-10-24 21:00:00,2003-10-25 12:00:00,600,10.5,1.5,63,0.5,6.0,3,61.0
2003-10-25 14:00:00,2003-10-26 04:00:00,610,5.958333333333333,1.375,39,0.4583333333333333,20.166666666666664,3,68.29166666666666
2003-10-26 22:00:00,2003-10-28 00:00:00,540,9.583333333333334,2.875,30,0.9583333333333334,58.458333333333336,3,148.54166666666669
2003-10-28 02:30:00,2003-10-28 09:00:00,620,2.7708333333333335,0.4375,57,0.14583333333333334,1.4583333333333335,3,16.916666666666668
2003-10-29 11:00:00,2003-10-30 03:00:00,1900,17.333333333333332,1.625,96,0.5416666666666666,33.58333333333333,3,65.54166666666666
2003-10-31 02:00:00,2003-11-02 00:00:00,1700,16.125,5.375,27,1.7916666666666667,100.33333333333334,3,227.54166666666669
2003-11-20 10:00:00,2003-11-21 08:00:00,700,22.166666666666664,2.375,84,0.7916666666666666,24.541666666666664,3,109.25
2004-01-10 06:00:00,2004-01-11 05:00:00,620,8.333333333333334,0.8333333333333334,10,0.8333333333333334,41.66666666666667,1,119.16666666666667
2004-01-22 08:00:00,2004-01-23 17:00:00,680,15.0,3.75,36,1.25,31.25,3,45.0
2004-01-23 23:00:00,2004-01-25 04:00:00,550,10.833333333333332,3.25,30,1.0833333333333333,55.24999999999999,3,212.33333333333331
2004-02-17 18:00:00,2004-02-18 16:00:00,460,6.333333333333333,0.7916666666666666,8,0.7916666666666666,0.7916666666666666,1,73.625
2004-04-03 14:00:00,2004-04-05 18:00:00,520,30.624999999999996,6.125,45,2.0416666666666665,91.875,3,51.041666666666664
2004-04-26 17:00:00,2004-04-27 20:00:00,500,6.0,1.0,6,1.0,47.0,1,219.0
2004-05-01 00:00:00,2004-05-01 12:00:00,450,3.375,0.375,9,0.375,16.5,1,44.25
2004-05-01 15:00:00,2004-05-02 21:00:00,430,10.125,3.375,27,1.125,41.625,3,39.375
2004-07-22 18:00:00,2004-07-24 08:00:00,670,16.041666666666664,4.375,33,1.4583333333333333,88.95833333333333,3,316.4583333333333
2004-07-24 14:00:00,2004-07-25 15:00:00,610,18.333333333333332,2.75,60,0.9166666666666666,55.916666666666664,3,36.666666666666664
2004-07-27 02:00:00,2004-07-27 22:00:00,1000,11.333333333333334,2.125,48,0.7083333333333334,28.333333333333336,3,45.333333333333336
2004-08-01 09:00:00,2004-08-02 04:00:00,520,4.0,0.6666666666666666,6,0.6666666666666666,29.333333333333332,1,78.0
2004-08-29 19:00:00,2004-08-30 22:00:00,440,12.0,1.0,12,1.0,45.0,1,34.0
2004-09-14 15:00:00,2004-09-16 12:00:00,600,10.5,5.25,18,1.75,10.5,3,218.75
2004-09-18 12:00:00,2004-09-20 00:00:00,500,8.25,1.375,6,1.375,30.25,1,160.875
2004-11-07 22:00:00,2004-11-09 10:00:00,720,24.75,4.125,54,1.375,16.5,3,170.5
2004-11-09 20:00:00,2004-11-11 23:00:00,810,28.0,4.0,28,2.0,36.0,2,202.0
2004-11-12 08:00:00,2004-11-13 23:00:00,670,10.5,4.5,21,1.5,75.0,3,313.5
2004-12-12 22:00:00,2004-12-13 19:00:00,580,9.75,2.25,39,0.75,37.5,3,117.75
2004-12-27 16:00:00,2004-12-29 02:00:00,560,9.041666666666668,3.875,21,1.2916666666666667,73.625,3,187.29166666666669
2005-01-07 15:00:00,2005-01-08 12:00:00,570,12.75,0.75,17,0.75,37.5,1,158.25
2005-01-16 14:00:00,2005-01-17 07:00:00,580,4.666666666666667,1.75,24,0.5833333333333334,33.25,3,101.5
2005-01-21 19:00:00,2005-01-22 17:00:00,960,15.041666666666666,2.375,57,0.7916666666666666,33.25,3,170.20833333333331
2005-01-31 14:00:00,2005-02-02 09:00:00,660,13.333333333333334,1.6666666666666667,8,1.6666666666666667,11.666666666666668,1,173.33333333333334
2005-02-18 14:00:00,2005-02-19 06:00:00,580,3.25,1.625,18,0.5416666666666666,25.458333333333332,3,105.62499999999999
2005-02-20 12:00:00,2005-02-22 07:00:00,440,8.333333333333334,1.6666666666666667,5,1.6666666666666667,1.6666666666666667,1,231.66666666666669
2005-02-22 14:00:00,2005-02-23 19:00:00,400,9.75,1.0833333333333333,9,1.0833333333333333,40.08333333333333,1,81.25
2005-05-15 06:00:00,2005-05-19 00:00:00,950,54.375,10.875,45,3.625,166.75,3,344.375
2005-05-20 03:00:00,2005-05-22 02:00:00,480,18.333333333333332,1.8333333333333333,10,1.8333333333333333,67.83333333333333,1,363.0
2005-05-29 03:00:00,2005-05-29 15:00:00,490,4.125,0.375,11,0.375,19.125,1,43.875
2005-05-30 01:00:00,2005-05-30 23:00:00,540,11.875,0.7916666666666666,15,0.7916666666666666,7.916666666666666,1,17.416666666666664
2005-06-12 15:00:00,2005-06-13 13:00:00,510,11.083333333333332,0.7916666666666666,14,0.7916666666666666,45.125,1,11.083333333333332
2005-06-15 05:00:00,2005-06-16 09:00:00,560,9.375,3.125,27,1.0416666666666667,4.166666666666667,3,122.91666666666667
2005-06-16 17:00:00,2005-06-17 19:00:00,680,6.708333333333334,2.875,21,0.9583333333333334,28.75,3,127.45833333333334
2005-07-10 10:00:00,2005-07-12 04:00:00,480,19.5,4.875,36,1.625,94.25,3,339.625
2005-07-17 14:00:00,2005-07-18 23:00:00,500,10.0,1.25,8,1.25,60.0,1,221.25
2005-08-09 00:00:00,2005-08-09 19:00:00,520,4.0,2.0,18,0.6666666666666666,29.333333333333332,3,58.666666666666664
2005-08-10 06:00:00,2005-08-10 11:00:00,460,0.6666666666666666,0.08333333333333333,8,0.08333333333333333,1.8333333333333333,1,12.083333333333332
2005-09-02 18:00:00,2005-09-03 04:00:00,680,2.916666666666667,0.875,30,0.2916666666666667,1.75,3,48.125
2005-09-11 05:00:00,2005-09-12 07:00:00,1100,9.583333333333334,2.875,30,0.9583333333333334,38.333333333333336,3,40.25
2005-09-12 20:00:00,2005-09-13 13:00:00,980,4.083333333333334,1.75,21,0.5833333333333334,17.5,3,119.58333333333334
2005-09-13 16:00:00,2005-09-14 08:00:00,740,2.708333333333333,1.625,15,0.5416666666666666,27.083333333333332,3,109.41666666666666
2005-09-15 06:00:00,2005-09-16 18:00:00,860,9.625,4.125,21,1.375,1.375,3,268.125
2005-09-20 18:00:00,2005-09-21 18:00:00,390,5.25,0.875,6,0.875,0.875,1,102.375
2005-10-31 02:00:00,2005-10-31 19:00:00,400,6.416666666666667,0.5833333333333334,11,0.5833333333333334,12.833333333333334,1,108.5
2005-12-31 04:00:00,2006-01-01 17:00:00,580,11.333333333333334,4.25,24,1.4166666666666667,52.41666666666667,3,158.66666666666669
2006-02-05 20:00:00,2006-02-06 12:00:00,360,5.416666666666666,0.5416666666666666,10,0.5416666666666666,20.041666666666664,1,46.041666666666664
2006-04-13 15:00:00,2006-04-14 07:00:00,550,9.75,1.625,54,0.5416666666666666,3.7916666666666665,3,116.99999999999999
2006-07-10 21:00:00,2006-07-11 19:00:00,430,6.333333333333333,0.7916666666666666,8,0.7916666666666666,3.1666666666666665,1,80.75
2006-08-20 13:00:00,2006-08-21 16:00:00,470,8.0,1.0,8,1.0,61.0,1,192.0
2006-08-30 20:00:00,2006-09-01 07:00:00,440,10.666666666666666,4.0,24,1.3333333333333333,1.3333333333333333,3,160.0
2006-09-30 08:00:00,2006-09-30 20:00:00,440,5.625,0.375,15,0.375,22.125,1,31.125
2006-11-01 17:00:00,2006-11-02 14:00:00,410,3.75,2.25,15,0.75,0.75,3,78.0
2006-11-18 10:00:00,2006-11-20 02:00:00,430,13.875,1.5416666666666667,9,1.5416666666666667,57.04166666666667,1,120.25
2006-11-29 05:00:00,2006-11-30 10:00:00,500,13.0,1.0833333333333333,12,1.0833333333333333,23.833333333333332,1,190.66666666666666
2006-12-14 22:00:00,2006-12-15 13:00:00,900,6.5,1.5,39,0.5,20.5,3,30.0
2006-12-17 00:00:00,2006-12-17 17:00:00,680,2.3333333333333335,0.5833333333333334,4,0.5833333333333334,32.083333333333336,1,91.58333333333334
2007-01-14 12:00:00,2007-01-15 07:00:00,380,8.0,0.6666666666666666,12,0.6666666666666666,33.33333333333333,1,46.0
2007-11-19 23:00:00,2007-11-20 12:00:00,480,7.5,1.25,54,0.4166666666666667,15.416666666666668,3,67.08333333333334
2008-09-17 04:00:00,2008-09-18 08:00:00,490,6.25,3.125,18,1.0416666666666667,2.0833333333333335,3,81.25
2008-12-04 12:00:00,2008-12-05 11:00:00,510,5.833333333333334,0.8333333333333334,7,0.8333333333333334,36.66666666666667,1,83.33333333333334
2008-12-17 03:00:00,2008-12-17 14:00:00,380,3.0,0.3333333333333333,9,0.3333333333333333,12.333333333333332,1,17.666666666666664
2009-01-19 02:00:00,2009-01-19 05:00:00,450,0.0,0.0,12,0.0,0.0,1,0.0
2010-01-01 22:00:00,2010-01-03 10:00:00,310,9.625,4.125,21,1.375,2.75,3,180.125
2010-02-07 18:00:00,2010-02-08 22:00:00,410,9.375,3.125,27,1.0416666666666667,22.916666666666668,3,88.54166666666667
2010-02-11 08:00:00,2010-02-12 03:00:00,380,4.666666666666666,0.6666666666666666,7,0.6666666666666666,35.33333333333333,1,120.0
2010-02-19 15:00:00,2010-02-20 18:00:00,500,6.0,1.0,6,1.0,1.0,1,18.0
2010-02-21 00:00:00,2010-02-22 00:00:00,380,6.125,0.875,7,0.875,0.875,1,143.5
2010-02-22 13:00:00,2010-02-22 22:00:00,370,1.75,0.25,7,0.25,0.5,1,14.5
2010-04-05 12:00:00,2010-04-06 14:00:00,790,8.625,2.875,27,0.9583333333333334,23.0,3,187.83333333333334
2010-04-09 18:00:00,2010-04-10 16:00:00,470,3.1666666666666665,0.7916666666666666,4,0.7916666666666666,29.291666666666664,1,90.25
2010-04-12 01:00:00,2010-04-12 15:00:00,460,5.041666666666666,0.4583333333333333,11,0.4583333333333333,22.916666666666664,1,81.125
2010-04-30 06:00:00,2010-05-01 12:00:00,400,4.5,1.125,4,1.125,24.75,1,39.375
2010-05-28 19:00:00,2010-05-29 17:00:00,390,11.083333333333332,2.375,42,0.7916666666666666,39.58333333333333,3,154.375
2010-06-21 06:00:00,2010-06-22 14:00:00,410,7.25,3.625,18,1.2083333333333333,26.583333333333332,3,21.75
2010-08-04 10:00:00,2010-08-05 00:00:00,590,4.125,1.375,27,0.4583333333333333,5.041666666666666,3,85.25
2010-10-31 05:00:00,2010-11-01 21:00:00,380,13.875,4.625,27,1.5416666666666667,57.04166666666667,3,27.75
2010-12-28 03:00:00,2010-12-28 15:00:00,360,3.75,0.375,10,0.375,0.375,1,52.125
2011-01-24 10:00:00,2011-01-25 12:00:00,400,6.708333333333334,0.9583333333333334,7,0.9583333333333334,35.458333333333336,1,41.208333333333336
2011-02-04 13:00:00,2011-02-04 20:00:00,470,2.5,0.5,45,0.16666666666666666,3.6666666666666665,3,28.666666666666664
2011-02-18 19:00:00,2011-02-20 08:00:00,600,14.166666666666668,4.25,30,1.4166666666666667,12.75,3,164.33333333333334
2011-03-06 09:00:00,2011-03-08 06:00:00,530,10.5,5.25,18,1.75,82.25,3,178.5
2011-03-29 23:00:00,2011-03-31 04:00:00,390,13.0,3.25,36,1.0833333333333333,50.916666666666664,3,141.91666666666666
2011-05-28 05:00:00,2011-05-28 21:00:00,540,5.958333333333333,0.5416666666666666,11,0.5416666666666666,27.083333333333332,1,105.62499999999999
2011-06-05 02:00:00,2011-06-05 19:00:00,560,7.0,1.75,36,0.5833333333333334,4.083333333333334,3,83.41666666666667
2011-06-17 05:00:00,2011-06-17 13:00:00,550,1.8749999999999998,0.625,27,0.20833333333333331,11.874999999999998,3,31.249999999999996
2011-07-06 17:00:00,2011-07-07 12:00:00,410,3.333333333333333,2.0,15,0.6666666666666666,24.666666666666664,3,69.33333333333333
2011-07-15 04:00:00,2011-07-16 15:00:00,530,5.333333333333333,4.0,12,1.3333333333333333,58.666666666666664,3,82.66666666666666
2011-08-05 05:00:00,2011-08-05 14:00:00,440,1.25,0.25,5,0.25,13.25,1,13.25
2011-08-06 22:00:00,2011-08-07 22:00:00,610,3.5,2.625,12,0.875,16.625,3,21.0
2011-09-08 10:00:00,2011-09-09 12:00:00,340,1.9166666666666667,0.9583333333333334,2,0.9583333333333334,0.9583333333333334,1,172.5
2011-09-10 03:00:00,2011-09-10 15:00:00,530,5.25,1.125,42,0.375,4.875,3,70.125
2011-09-16 19:00:00,2011-09-17 05:00:00,420,1.1666666666666667,0.2916666666666667,4,0.2916666666666667,0.5833333333333334,1,16.916666666666668
2011-09-17 14:00:00,2011-09-18 06:00:00,590,5.958333333333333,0.5416666666666666,11,0.5416666666666666,28.708333333333332,1,99.125
2011-09-18 12:00:00,2011-09-18 21:00:00,480,1.25,0.25,5,0.25,11.0,1,28.0
2011-09-22 15:00:00,2011-09-23 03:00:00,420,1.875,0.375,5,0.375,8.25,1,40.5
2011-09-26 20:00:00,2011-09-28 15:00:00,700,11.666666666666668,5.0,21,1.6666666666666667,15.0,3,43.333333333333336
2011-10-05 10:00:00,2011-10-05 22:00:00,460,4.5,1.125,36,0.375,22.125,3,52.125
2011-10-06 12:00:00,2011-10-06 23:00:00,380,3.6666666666666665,0.3333333333333333,11,0.3333333333333333,0.6666666666666666,1,28.333333333333332
2011-10-07 02:00:00,2011-10-07 17:00:00,390,2.0,1.5,12,0.5,0.5,3,58.5
2011-10-22 21:00:00,2011-10-23 16:00:00,310,4.0,0.6666666666666666,6,0.6666666666666666,0.6666666666666666,1,120.0
2011-10-24 22:00:00,2011-10-25 16:00:00,510,13.125,1.875,63,0.625,8.125,3,31.25
2011-10-31 01:00:00,2011-10-31 15:00:00,420,2.75,0.4583333333333333,6,0.4583333333333333,16.958333333333332,1,49.5
2011-11-02 01:00:00,2011-11-03 04:00:00,430,6.0,3.0,18,1.0,53.0,3,176.0
2011-11-07 17:00:00,2011-11-07 23:00:00,350,1.25,0.125,10,0.125,2.75,1,18.75
2011-11-13 10:00:00,2011-11-15 02:00:00,460,7.708333333333334,4.625,15,1.5416666666666667,87.875,3,53.958333333333336
2011-11-29 00:00:00,2011-11-29 08:00:00,510,3.1249999999999996,0.625,45,0.20833333333333331,0.625,3,20.208333333333332
2011-12-02 18:00:00,2011-12-03 07:00:00,420,2.916666666666667,0.4166666666666667,7,0.4166666666666667,0.4166666666666667,1,17.916666666666668
2011-12-25 02:00:00,2011-12-25 17:00:00,370,2.0,1.5,12,0.5,0.5,3,90.0
2011-12-29 22:00:00,2011-12-30 09:00:00,420,2.333333333333333,1.0,21,0.3333333333333333,0.3333333333333333,3,19.333333333333332
2012-01-21 06:00:00,2012-01-22 08:00:00,330,9.583333333333334,0.9583333333333334,10,0.9583333333333334,35.458333333333336,1,4.791666666666667
2012-01-22 23:00:00,2012-01-23 07:00:00,460,1.8749999999999998,0.625,27,0.20833333333333331,9.791666666666666,3,37.916666666666664
2012-02-14 21:00:00,2012-02-16 06:00:00,400,11.25,1.25,9,1.25,55.0,1,221.25
2012-02-16 14:00:00,2012-02-18 00:00:00,380,6.458333333333334,3.875,15,1.2916666666666667,28.416666666666668,3,109.79166666666667
2012-02-27 19:00:00,2012-02-28 16:00:00,490,9.75,2.25,39,0.75,42.75,3,118.5
2012-02-29 05:00:00,2012-03-01 00:00:00,450,4.666666666666666,2.0,21,0.6666666666666666,14.666666666666666,3,56.666666666666664
2012-03-02 21:00:00,2012-03-04 02:00:00,420,6.5,1.0833333333333333,6,1.0833333333333333,1.0833333333333333,1,163.58333333333331
2012-03-06 08:00:00,2012-03-06 15:00:00,380,1.8333333333333333,0.5,33,0.16666666666666666,0.16666666666666666,3,14.666666666666666
2012-03-09 03:00:00,2012-03-11 07:00:00,890,14.291666666666666,6.125,21,2.0416666666666665,71.45833333333333,3,98.0
2012-03-15 17:00:00,2012-03-16 10:00:00,760,5.25,0.5833333333333334,9,0.5833333333333334,9.916666666666668,1,119.58333333333334
2012-04-26 00:00:00,2012-04-27 18:00:00,710,8.125,4.875,15,1.625,86.125,3,256.75
2012-05-16 16:00:00,2012-05-17 22:00:00,390,11.25,3.375,30,1.125,1.125,3,145.125
2012-06-16 23:00:00,2012-06-17 12:00:00,510,11.666666666666668,1.25,84,0.4166666666666667,23.75,3,84.16666666666667
2012-07-05 00:00:00,2012-07-06 08:00:00,540,9.666666666666666,3.625,24,1.2083333333333333,56.791666666666664,3,88.20833333333333
2012-07-09 00:00:00,2012-07-09 14:00:00,450,5.5,1.375,36,0.4583333333333333,10.083333333333332,3,87.54166666666666
2012-07-22 11:00:00,2012-07-23 16:00:00,520,5.416666666666666,1.0833333333333333,5,1.0833333333333333,50.916666666666664,1,112.66666666666666
2012-09-05 06:00:00,2012-09-05 18:00:00,540,3.75,0.375,10,0.375,16.5,1,64.875
2012-09-06 02:00:00,2012-09-06 15:00:00,420,4.166666666666667,1.25,30,0.4166666666666667,0.4166666666666667,3,48.333333333333336
2012-10-01 00:00:00,2012-10-02 00:00:00,410,12.25,2.625,42,0.875,46.375,3,25.375
2012-10-02 22:00:00,2012-10-03 06:00:00,320,1.25,0.20833333333333331,6,0.20833333333333331,0.20833333333333331,1,24.166666666666664
2012-11-01 00:00:00,2012-11-02 03:00:00,370,11.0,3.0,33,1.0,53.0,3,174.0
2012-11-09 03:00:00,2012-11-09 15:00:00,380,0.75,0.375,2,0.375,0.375,1,0.375
2012-11-13 08:00:00,2012-11-14 03:00:00,460,14.0,2.0,63,0.6666666666666666,31.333333333333332,3,10.666666666666666
2012-11-24 12:00:00,2012-11-25 10:00:00,410,9.5,2.375,36,0.7916666666666666,41.95833333333333,3,105.29166666666666
2012-11-26 12:00:00,2012-11-28 05:00:00,530,9.5,1.5833333333333333,6,1.5833333333333333,93.41666666666666,1,305.5833333333333
2012-11-28 18:00:00,2012-11-29 14:00:00,380,2.8333333333333335,0.7083333333333334,4,0.7083333333333334,15.583333333333334,1,2.8333333333333335
2012-12-14 07:00:00,2012-12-14 17:00:00,330,2.041666666666667,0.875,21,0.2916666666666667,10.791666666666668,3,0.875
2013-01-17 16:00:00,2013-01-18 12:00:00,400,8.5,2.125,36,0.7083333333333334,0.7083333333333334,3,109.79166666666667
2013-01-19 00:00:00,2013-01-19 17:00:00,460,2.916666666666667,0.5833333333333334,5,0.5833333333333334,25.666666666666668,1,56.583333333333336
2013-02-14 08:00:00,2013-02-16 14:00:00,400,8.5,2.125,4,2.125,46.75,1,261.375
2013-02-17 10:00:00,2013-02-17 19:00:00,410,1.75,0.25,7,0.25,12.5,1,33.25
2013-03-17 15:00:00,2013-03-19 16:00:00,720,17.25,1.9166666666666667,9,1.9166666666666667,55.583333333333336,1,72.83333333333334
2013-03-20 18:00:00,2013-03-20 22:00:00,640,0.3749999999999999,0.04166666666666666,9,0.04166666666666666,0.2083333333333333,1,5.374999999999999
2013-04-14 17:00:00,2013-04-15 23:00:00,520,10.125,3.375,27,1.125,3.375,3,184.5
2013-04-30 12:00:00,2013-05-01 07:00:00,430,6.666666666666666,2.0,30,0.6666666666666666,31.333333333333332,3,96.66666666666666
2013-05-01 11:00:00,2013-05-01 18:00:00,460,1.6666666666666665,0.16666666666666666,10,0.16666666666666666,6.166666666666666,1,30.5
2013-05-25 23:00:00,2013-05-26 22:00:00,750,5.833333333333334,2.5,21,0.8333333333333334,9.166666666666668,3,120.83333333333334
2013-06-06 14:00:00,2013-06-08 00:00:00,510,14.208333333333334,3.875,33,1.2916666666666667,47.79166666666667,3,246.70833333333334
2013-06-08 10:00:00,2013-06-08 20:00:00,450,0.875,0.875,9,0.2916666666666667,6.416666666666667,3,22.75
2013-06-28 02:00:00,2013-06-29 12:00:00,450,12.916666666666668,3.875,30,1.2916666666666667,68.45833333333334,3,12.916666666666668
2013-07-05 01:00:00,2013-07-07 16:00:00,370,25.0,7.5,30,2.5,5.0,3,510.0
2013-07-13 05:00:00,2013-07-15 00:00:00,500,21.666666666666668,5.0,39,1.6666666666666667,83.33333333333334,3,326.6666666666667
2013-08-21 08:00:00,2013-08-21 14:00:00,470,0.875,0.125,7,0.125,4.625,1,12.5
2013-08-23 20:00:00,2013-08-25 03:00:00,570,7.0,3.5,18,1.1666666666666667,51.333333333333336,3,155.16666666666669
2013-08-25 03:00:00,2013-08-26 03:00:00,520,3.5,2.625,12,0.875,32.375,3,94.5
2013-10-02 23:00:00,2013-10-03 22:00:00,630,5.833333333333334,2.5,21,0.8333333333333334,22.5,3,152.5
2013-10-09 09:00:00,2013-10-11 00:00:00,650,9.0,4.5,18,1.5,4.5,3,268.5
2013-11-08 22:00:00,2013-11-09 07:00:00,460,3.0,0.25,12,0.25,0.25,1,48.75
2013-11-11 17:00:00,2013-11-12 03:00:00,480,2.041666666666667,0.875,21,0.2916666666666667,0.2916666666666667,3,32.66666666666667
2013-12-01 11:00:00,2013-12-02 23:00:00,540,12.375,4.125,27,1.375,64.625,3,116.875
2013-12-15 16:00:00,2013-12-16 05:00:00,500,2.916666666666667,1.25,21,0.4166666666666667,15.416666666666668,3,36.66666666666667
2013-12-25 05:00:00,2013-12-25 17:00:00,330,4.125,1.125,33,0.375,13.875,3,45.0
2014-02-06 03:00:00,2014-02-07 17:00:00,400,10.208333333333332,4.375,21,1.4583333333333333,68.54166666666666,3,166.25
2014-02-08 01:00:00,2014-02-09 12:00:00,460,12.0,4.0,27,1.3333333333333333,6.666666666666666,3,172.0
2014-02-11 12:00:00,2014-02-13 10:00:00,560,10.75,5.375,18,1.7916666666666667,89.58333333333334,3,166.625
2014-02-16 05:00:00,2014-02-16 16:00:00,450,5.0,1.0,45,0.3333333333333333,1.0,3,31.0
2014-02-17 03:00:00,2014-02-17 16:00:00,410,2.5,1.25,18,0.4166666666666667,0.4166666666666667,3,42.5
2014-02-18 15:00:00,2014-02-19 07:00:00,410,4.333333333333333,1.625,24,0.5416666666666666,27.083333333333332,3,95.875
2014-02-19 12:00:00,2014-02-20 03:00:00,530,5.5,1.5,33,0.5,25.0,3,13.5
2014-02-21 02:00:00,2014-02-22 12:00:00,690,7.75,3.875,18,1.2916666666666667,24.541666666666668,3,276.4166666666667
2014-04-05 22:00:00,2014-04-07 05:00:00,500,15.166666666666668,3.5,39,1.1666666666666667,51.333333333333336,3,61.833333333333336
2014-04-11 06:00:00,2014-04-12 20:00:00,380,7.291666666666666,4.375,15,1.4583333333333333,2.9166666666666665,3,294.5833333333333
2014-04-18 19:00:00,2014-04-20 00:00:00,500,8.666666666666666,3.25,24,1.0833333333333333,1.0833333333333333,3,79.08333333333333
2014-04-20 01:00:00,2014-04-20 12:00:00,530,1.6666666666666665,1.0,15,0.3333333333333333,12.333333333333332,3,14.333333333333332
2014-04-21 07:00:00,2014-04-22 09:00:00,700,5.75,2.875,18,0.9583333333333334,23.0,3,111.16666666666667
2014-04-29 20:00:00,2014-04-30 21:00:00,320,8.25,2.75,27,0.9166666666666666,0.9166666666666666,3,162.25
2014-06-08 20:00:00,2014-06-10 17:00:00,610,15.75,5.25,27,1.75,87.5,3,215.25
2014-08-19 16:00:00,2014-08-21 05:00:00,440,24.083333333333336,4.25,51,1.4166666666666667,62.333333333333336,3,147.33333333333334
2014-09-12 22:00:00,2014-09-14 02:00:00,720,20.833333333333336,3.125,60,1.0416666666666667,30.208333333333336,3,213.54166666666669
2014-09-17 02:00:00,2014-09-18 20:00:00,320,14.625,4.875,27,1.625,1.625,3,112.125
2014-11-11 07:00:00,2014-11-11 20:00:00,520,3.75,0.4166666666666667,9,0.4166666666666667,19.583333333333336,1,72.5
2014-12-22 04:00:00,2014-12-22 17:00:00,430,6.666666666666667,1.25,48,0.4166666666666667,22.083333333333336,3,75.83333333333334
2015-01-02 15:00:00,2015-01-02 22:00:00,450,1.3333333333333333,0.5,24,0.16666666666666666,3.6666666666666665,3,22.833333333333332
2015-01-03 14:00:00,2015-01-04 16:00:00,460,8.625,2.875,27,0.9583333333333334,1.9166666666666667,3,163.875
2015-01-07 07:00:00,2015-01-07 20:00:00,470,6.666666666666667,1.25,48,0.4166666666666667,15.416666666666668,3,90.83333333333334
2015-03-16 14:00:00,2015-03-16 23:00:00,440,2.75,0.75,33,0.25,9.25,3,0.5
2015-03-17 13:00:00,2015-03-18 05:00:00,620,10.833333333333332,1.625,60,0.5416666666666666,31.958333333333332,3,47.125
2015-03-22 02:00:00,2015-03-22 20:00:00,700,5.0,1.875,24,0.625,33.125,3,87.5
2015-03-28 11:00:00,2015-03-29 11:00:00,420,11.375,2.625,39,0.875,1.75,3,95.375
2015-03-29 19:00:00,2015-03-30 12:00:00,390,3.5,1.75,18,0.5833333333333334,12.833333333333334,3,61.25000000000001
2015-03-31 18:00:00,2015-04-01 10:00:00,420,7.041666666666666,1.625,39,0.5416666666666666,23.833333333333332,3,41.166666666666664
2015-04-09 11:00:00,2015-04-09 22:00:00,390,4.0,0.3333333333333333,12,0.3333333333333333,12.333333333333332,1,73.66666666666666
2015-04-10 13:00:00,2015-04-11 09:00:00,450,9.208333333333334,2.125,39,0.7083333333333334,31.166666666666668,3,133.16666666666669
2015-05-06 12:00:00,2015-05-07 21:00:00,470,16.25,3.75,39,1.25,71.25,3,131.25
2015-05-07 21:00:00,2015-05-09 04:00:00,400,7.0,3.5,18,1.1666666666666667,1.1666666666666667,3,226.33333333333334
2015-05-10 12:00:00,2015-05-11 02:00:00,400,5.041666666666666,0.4583333333333333,11,0.4583333333333333,0.4583333333333333,1,70.125
2015-05-18 20:00:00,2015-05-19 02:00:00,480,2.0,0.375,48,0.125,5.5,3,17.625
2015-06-23 02:00:00,2015-06-24 14:00:00,740,19.25,4.125,42,1.375,28.875,3,110.0
2015-06-25 10:00:00,2015-06-26 06:00:00,720,3.541666666666667,2.125,15,0.7083333333333334,12.041666666666668,3,143.79166666666669
2015-06-26 12:00:00,2015-06-27 02:00:00,560,2.2916666666666665,1.375,15,0.4583333333333333,21.541666666666664,3,72.875
2015-07-13 06:00:00,2015-07-14 15:00:00,650,10.0,3.75,24,1.25,55.0,3,210.0
2015-08-07 16:00:00,2015-08-08 14:00:00,560,7.125,0.7916666666666666,9,0.7916666666666666,1.5833333333333333,1,77.58333333333333
2015-08-15 21:00:00,2015-08-16 08:00:00,510,4.0,1.0,36,0.3333333333333333,0.6666666666666666,3,66.66666666666666
2015-08-26 08:00:00,2015-08-28 10:00:00,420,21.541666666666664,5.875,33,1.9583333333333333,43.08333333333333,3,411.25
2015-09-08 00:00:00,2015-09-09 15:00:00,600,22.5,4.5,45,1.5,31.5,3,319.5
2015-09-13 07:00:00,2015-09-13 18:00:00,480,1.6666666666666665,1.0,15,0.3333333333333333,0.6666666666666666,3,42.0
2015-09-21 08:00:00,2015-09-22 01:00:00,600,2.916666666666667,1.75,15,0.5833333333333334,4.083333333333334,3,109.66666666666667
2015-10-25 14:00:00,2015-10-27 04:00:00,490,10.208333333333332,4.375,21,1.4583333333333333,72.91666666666666,3,263.9583333333333
2015-11-04 15:00:00,2015-11-04 19:00:00,740,0.33333333333333326,0.12499999999999997,24,0.04166666666666666,2.208333333333333,3,6.916666666666665
2015-11-07 06:00:00,2015-11-08 16:00:00,680,16.791666666666668,1.2916666666666667,13,1.2916666666666667,76.20833333333334,1,266.08333333333337
2015-12-20 03:00:00,2015-12-21 20:00:00,490,23.75,4.75,45,1.5833333333333333,7.916666666666666,3,87.08333333333333
2015-12-31 17:00:00,2016-01-02 11:00:00,480,16.25,4.875,30,1.625,95.875,3,32.5
2016-01-19 10:00:00,2016-01-21 00:00:00,400,20.416666666666664,4.375,42,1.4583333333333333,77.29166666666666,3,309.16666666666663
2016-01-24 18:00:00,2016-01-26 18:00:00,490,9.375,5.625,15,1.875,69.375,3,11.25
2016-03-05 19:00:00,2016-03-06 15:00:00,370,8.5,0.7083333333333334,12,0.7083333333333334,1.4166666666666667,1,93.5
2016-03-20 14:00:00,2016-03-21 04:00:00,430,3.208333333333333,0.4583333333333333,7,0.4583333333333333,10.083333333333332,1,62.791666666666664
2016-04-14 09:00:00,2016-04-15 04:00:00,480,5.333333333333333,2.0,24,0.6666666666666666,24.666666666666664,3,108.0
2016-04-17 03:00:00,2016-04-18 08:00:00,440,5.416666666666666,1.0833333333333333,5,1.0833333333333333,1.0833333333333333,1,106.16666666666666
2016-07-20 07:00:00,2016-07-22 15:00:00,570,22.08333333333333,6.624999999999999,30,2.208333333333333,11.041666666666664,3,196.54166666666663
2016-07-24 21:00:00,2016-07-25 16:00:00,450,4.666666666666666,2.0,21,0.6666666666666666,31.333333333333332,3,79.33333333333333
2016-07-25 22:00:00,2016-07-26 10:00:00,390,1.5,1.125,12,0.375,0.375,3,2.25
2016-08-02 14:00:00,2016-08-03 03:00:00,460,8.333333333333334,1.25,60,0.4166666666666667,0.8333333333333334,3,18.333333333333336
2016-10-13 06:00:00,2016-10-14 16:00:00,460,24.541666666666668,3.875,57,1.2916666666666667,73.625,3,15.5
2016-11-04 18:00:00,2016-11-05 21:00:00,360,4.0,3.0,12,1.0,1.0,3,63.0
2016-11-10 00:00:00,2016-11-10 16:00:00,370,5.958333333333333,0.5416666666666666,11,0.5416666666666666,25.458333333333332,1,87.75
2017-04-04 04:00:00,2017-04-04 14:00:00,420,3.791666666666667,0.875,39,0.2916666666666667,6.416666666666667,3,41.41666666666667
2017-04-09 00:00:00,2017-04-10 08:00:00,520,8.458333333333332,3.625,21,1.2083333333333333,1.2083333333333333,3,113.58333333333333
2017-04-14 00:00:00,2017-04-15 00:00:00,450,5.25,2.625,18,0.875,41.125,3,86.625
2017-05-27 22:00:00,2017-05-29 14:00:00,390,24.666666666666668,4.625,48,1.5416666666666667,87.875,3,46.25
2017-07-16 15:00:00,2017-07-17 20:00:00,620,14.083333333333332,3.25,39,1.0833333333333333,63.916666666666664,3,199.33333333333331
2017-08-22 04:00:00,2017-08-23 18:00:00,620,7.291666666666666,4.375,15,1.4583333333333333,68.54166666666666,3,215.83333333333331
2017-09-07 20:00:00,2017-09-08 04:00:00,580,2.083333333333333,0.625,30,0.20833333333333331,3.5416666666666665,3,14.166666666666666
2017-09-08 11:00:00,2017-09-10 21:00:00,800,16.041666666666664,6.875,21,2.2916666666666665,61.87499999999999,3,73.33333333333333
2017-12-25 00:00:00,2017-12-26 04:00:00,550,7.291666666666667,1.0416666666666667,7,1.0416666666666667,1.0416666666666667,1,100.0
2018-03-09 22:00:00,2018-03-11 00:00:00,450,13.416666666666668,2.875,42,0.9583333333333334,54.625,3,124.58333333333334
2018-05-13 06:00:00,2018-05-13 14:00:00,440,2.083333333333333,0.625,30,0.20833333333333331,0.20833333333333331,3,17.5
2018-06-06 11:00:00,2018-06-07 10:00:00,440,7.5,2.5,27,0.8333333333333334,0.8333333333333334,3,82.5
2018-06-25 10:00:00,2018-06-26 05:00:00,430,4.666666666666666,2.0,21,0.6666666666666666,0.6666666666666666,3,98.0
2018-06-30 20:00:00,2018-07-02 10:00:00,460,4.375,4.375,9,1.4583333333333333,64.16666666666666,3,10.208333333333332
2018-07-10 12:00:00,2018-07-11 11:00:00,360,7.5,2.5,27,0.8333333333333334,0.8333333333333334,3,183.33333333333334
2018-08-25 12:00:00,2018-08-26 12:00:00,440,14.0,2.625,48,0.875,32.375,3,57.75
2018-09-23 04:00:00,2018-09-24 00:00:00,460,5.666666666666667,2.125,24,0.7083333333333334,0.7083333333333334,3,75.08333333333334
2019-05-07 22:00:00,2019-05-09 04:00:00,330,3.375,1.125,3,1.125,1.125,1,86.625
2019-05-11 06:00:00,2019-05-13 07:00:00,380,15.333333333333334,5.75,24,1.9166666666666667,84.33333333333334,3,295.1666666666667
2019-05-14 06:00:00,2019-05-15 16:00:00,560,10.333333333333334,3.875,24,1.2916666666666667,64.58333333333334,3,226.04166666666669
2019-05-16 23:00:00,2019-05-18 08:00:00,480,7.5,3.75,18,1.25,46.25,3,8.75
2019-05-27 04:00:00,2019-05-28 00:00:00,370,7.083333333333334,2.125,30,0.7083333333333334,35.41666666666667,3,41.79166666666667
2019-10-29 20:00:00,2019-10-30 21:00:00,410,9.166666666666666,2.75,30,0.9166666666666666,20.166666666666664,3,67.83333333333333
2019-11-11 10:00:00,2019-11-12 12:00:00,380,11.5,2.875,36,0.9583333333333334,47.91666666666667,3,86.25
2020-01-04 10:00:00,2020-01-05 06:00:00,400,5.666666666666667,2.125,24,0.7083333333333334,0.7083333333333334,3,66.58333333333334
2020-04-20 09:00:00,2020-04-21 04:00:00,360,10.0,2.0,45,0.6666666666666666,31.333333333333332,3,108.66666666666666
2020-10-05 17:00:00,2020-10-06 14:00:00,370,7.5,2.25,30,0.75,16.5,3,100.5
2020-12-10 23:00:00,2020-12-13 04:00:00,570,10.416666666666664,6.249999999999999,15,2.083333333333333,10.416666666666664,3,14.583333333333332
2021-02-23 08:00:00,2021-02-24 15:00:00,590,5.833333333333334,3.5,15,1.1666666666666667,51.333333333333336,3,134.16666666666669
2021-05-12 15:00:00,2021-05-14 20:00:00,500,16.666666666666664,6.249999999999999,24,2.083333333333333,14.583333333333332,3,352.08333333333326
